<dpus>
  <dpu>
    <dpuName>cast values to uri</dpuName>
    <jarName>uv-t-sparqlUpdate-2.1.5.jar</jarName>
    <version>2.1.5</version>
  </dpu>
  <dpu>
    <dpuName>dataset properties</dpuName>
    <jarName>uv-t-sparqlUpdate-2.1.5.jar</jarName>
    <version>2.1.5</version>
  </dpu>
  <dpu>
    <dpuName>dataset rows</dpuName>
    <jarName>uv-t-sparqlUpdate-2.1.5.jar</jarName>
    <version>2.1.5</version>
  </dpu>
  <dpu>
    <dpuName>dataset URI</dpuName>
    <jarName>uv-t-sparqlUpdate-2.1.5.jar</jarName>
    <version>2.1.5</version>
  </dpu>
  <dpu>
    <dpuName>delete temp</dpuName>
    <jarName>uv-t-sparqlUpdate-2.1.5.jar</jarName>
    <version>2.1.5</version>
  </dpu>
  <dpu>
    <dpuName>distribution properties</dpuName>
    <jarName>uv-t-sparqlUpdate-2.1.5.jar</jarName>
    <version>2.1.5</version>
  </dpu>
  <dpu>
    <dpuName>distribution rows</dpuName>
    <jarName>uv-t-sparqlUpdate-2.1.5.jar</jarName>
    <version>2.1.5</version>
  </dpu>
  <dpu>
    <dpuName>uv-e-filesDownload</dpuName>
    <jarName>uv-e-filesDownload-2.1.5.jar</jarName>
    <version>2.1.5</version>
  </dpu>
  <dpu>
    <dpuName>uv-l-filesUpload</dpuName>
    <jarName>uv-l-filesUpload-2.1.3.jar</jarName>
    <version>2.1.3</version>
  </dpu>
  <dpu>
    <dpuName>uv-t-rdfMerger</dpuName>
    <jarName>uv-t-rdfMerger-2.1.3.jar</jarName>
    <version>2.1.3</version>
  </dpu>
  <dpu>
    <dpuName>uv-t-rdfToFiles</dpuName>
    <jarName>uv-t-rdfToFiles-2.1.5.jar</jarName>
    <version>2.1.5</version>
  </dpu>
  <dpu>
    <dpuName>uv-t-tabular</dpuName>
    <jarName>uv-t-tabular-2.3.1.jar</jarName>
    <version>2.3.1</version>
  </dpu>
</dpus>